東京スカイツリー,旅行
清水寺,旅行
USJ,旅行
金閣寺,旅行
東京ディズニーリゾート,旅行
富士山,旅行
姫路城,旅行
東京タワー,旅行
東京ディズニーシー,旅行
厳島,旅行
稲荷,旅行
大阪城,旅行
沖縄水族館,旅行
兼六園,旅行
お台場,旅行
二条城,旅行
嵐山,旅行
東大寺,旅行
銀閣寺,旅行
皇居,旅行
大阪水族館,旅行
浅草寺,旅行
厳島神社,旅行
新宿御苑,旅行
芦ノ湖,旅行
高徳院,旅行
明治神社,旅行
上野公園,旅行
代々木公園,旅行
六本木,旅行
道頓堀,旅行
浜離宮庭園,旅行
上高地,旅行
高野山,旅行
築地,旅行
原爆ドーム,旅行
都庁舎,旅行
東京ディズニーランド,旅行
白川郷,旅行
五箇山,旅行
石垣,旅行
日光東照宮,旅行
河口湖,旅行
朱里城,旅行
淡路島,旅行
屋久島,旅行
伊勢神宮,旅行
黒部ダム,旅行
宮古島,旅行
江の島,旅行
秋田,日本
青森,日本
旭川,日本
芦別,日本
足利,日本
芦屋,日本
熱海,日本
厚木,日本
別府,日本
千葉,日本
茅ヶ崎,日本
千歳,日本
調布,日本
大刀,日本
府中,日本
富士,日本
藤岡,日本
 藤沢,日本
福知山,日本
福井,日本
福岡,日本
福島,日本
福山,日本
船橋,日本
富良野,日本
岐阜,日本
宜野湾,日本
五所川原,日本
具志川,日本
八戸,日本
八王子,日本
函館,日本
箱根,日本
白馬,日本
 浜松,日本
彦根,日本
姫路,日本
日野,日本
平塚,日本
弘前,日本
広島,日本
茨城,日本
指宿,日本
市原,日本
市川,日本
一宮,日本
池田,日本
生駒,日本
今治,日本
万里,日本
伊勢,日本
伊丹,日本
出雲,日本
 鹿児島,日本
加古川,日本
金沢,日本
軽井沢,日本
鎹,日本
春日部,日本
川越,日本
川口,日本
川崎,日本
霧島,日本
桐生,日本
岸和田,日本
北九州,日本
神戸,日本
高知,日本
国府,日本
郡山,日本
越谷,日本
熊谷,日本
熊本,日本
倉敷,日本
呉,日本
久留米,日本
草津,日本
釧路,日本
京都,日本
町田,日本
前橋,日本
松原,日本
松江,日本
松本,日本
松山,日本
女満別,日本
三鷹,日本
水戸,日本
宮崎,日本
 茂原,日本
盛岡,日本
室蘭,日本
長野,日本
長岡,日本
長崎,日本
名古屋,日本
那覇,日本
奈良,日本
成田,日本
 那須,日本
新潟,日本
新浜,日本
日光,日本
ニセコ,日本
 延岡,日本
登別,日本
沼津,日本
帯広,日本
小田原,日本
大垣,日本
大分,日本
 岡山,日本
岡崎,日本
沖縄,日本
大宮,日本
大阪,日本
小樽,日本
佐賀,日本
埼玉,日本
堺,日本
札幌,日本
佐世保,日本
仙台,日本
瀬戸,日本
清水,日本
下関,日本
静岡,日本
鈴鹿,日本
立川,日本
高松,日本
高岡,日本
宝塚,日本
高崎,日本
高槻,日本
高山,日本
蓼科高原,日本
鳥羽,日本
徳島,日本
 東京,日本
鳥取,日本
十和田,日本
富山,日本
豊橋,日本
豊田,日本
 津,日本
 宇部,日本
 宇治,日本
雲仙,日本
 浦添,日本
 浦和,日本
宇都宮,日本
和歌山,日本
稚内,日本
 屋久島,日本
 山形,日本
山口,日本
八尾,日本
四日市,日本
横浜,日本
横須賀,日本
米子,日本
湯平,日本
 湯沢,日本
逗子,日本
フランス,海外
アメリカ,海外
南アフリカ,海外
インド,海外
シンガポール,海外
オーストラリア,海外
タイ,海外
カナダ,海外
中国,海外
韓国,海外
ブラジル,海外
イギリス,海外
イタリア,海外
ドイツ,海外
スペイン,海外
アラバマ,アメリカ
アラスカ,アメリカ
アリゾナ,アメリカ
アーカンソー,アメリカ
カリフォルニア,アメリカ
コロラド,アメリカ
コネチカット,アメリカ
デラウェア,アメリカ
フロリダ,アメリカ
ジョージア,アメリカ
ハワイ,アメリカ
アイダホ,アメリカ
イリノイ,アメリカ
インディアナ,アメリカ
アイオワ,アメリカ
カンザス,アメリカ
ケンタッキー,アメリカ
ルイジア,アメリカ
メリーランド,アメリカ
マサチューセッツ,アメリカ
ミシガン,アメリカ
ミネソタ,アメリカ
ミシシッピ,アメリカ
ミズーリ,アメリカ
モンタナ,アメリカ
ネブラスカ,アメリカ
ネバダ,アメリカ
ニューハンプシャ,アメリカ
ニュージャージー,アメリカ
ニューメキシコ,アメリカ
ニューヨーク,アメリカ
ノースカロライナ,アメリカ
ノースダコタ,アメリカ
オハイオ,アメリカ
オクラホマ,アメリカ
オレゴン,アメリカ
ペンシルベニア,アメリカ
ロードアイランド,アメリカ
サウスカロライナ,アメリカ
サウスダコタ,アメリカ
テネシー,アメリカ
テキサス,アメリカ
ユタ,アメリカ
バーモント,アメリカ
バージニア,アメリカ
ワシントン,アメリカ
ウェストバージニア,アメリカ
ウィスコンシン,アメリカ
ワイオミング,アメリカ