ごはん,ご飯物
カレーライス,ご飯物
チャーハン,ご飯物
玄米ご飯,ご飯物
ハヤシライス,ご飯物
釜飯,ご飯物
糧飯,ご飯物
餅,ご飯物
麦ごはん,ご飯物
お茶漬け,ご飯物
おこわ,ご飯物
オムライス,ご飯物
おにぎり,ご飯物
赤飯,ご飯物
炊き込みごはん,ご飯物
卵掛けご飯,ご飯物
天むす,ご飯物
粥,粥
雑炊,粥
牛丼,どんぶり
かつ丼,どんぶり
親子丼,どんぶり
鉄火丼,どんぶり
天丼,どんぶり
うな丼,どんぶり
握り寿司,寿司
巻き寿司,寿司
手巻き寿司,寿司
チラシ寿司,寿司
いなり寿司,寿司
押し寿司,寿司
めはり寿司,寿司
回転寿司,寿司
そば,麺類
ざるそば,麺類
うどん,麺類
味噌煮込みうどん,麺類
素麺,麺類
ラーメン,麺類
ちゃんぽん,麺類
冷やし中華,麺類
沖縄そば,麺類
焼きそば,麺類
焼うどん,麺類
カレーパン,パン
アンパン,パン
焼きそばパン,パン
コロッケパン,パン
メロンパン,パン
カツサンド,パン
唐揚げ,揚げ物
南蛮ずけ,揚げ物
コロッケ,揚げ物
串カツ,揚げ物
天ぷら,揚げ物
豚カツ,揚げ物
揚げ出し豆腐,揚げ物
餃子,焼き物
串焼き,焼き物
素焼き,焼き物
お好み焼き,焼き物
たこ焼き,焼き物
照り焼き,焼き物
ウナギ,焼き物
焼肉,焼き物
ホルモン焼き,焼き物
ジンギスカン,焼き物
焼き鳥,焼き物
焼き魚,焼き物
もつ鍋,鍋物
しゃぶしゃぶ,鍋物
すき焼き,鍋物
ちり鍋,鍋物
ちげ鍋,鍋物
芋に,鍋物
きりたんぽ鍋,鍋物
おでん,煮物
角に,煮物
肉じゃが,煮物
煮魚,煮物
ソーキ,煮物
河豚,刺身
伊木造,刺身
たたき,刺身
馬刺し,刺身
鳥刺し,刺身
レバ刺し,刺身
味噌汁,汁物
豚汁,汁物
団子汁,汁物
澄まし汁,汁物
雑煮,汁物
いくら,漬物
たらこ,漬物
塩辛,漬物
梅干し,漬物
佃煮,漬物
酢の物,漬物
弁当,ランダム
茶碗蒸し,ランダム
枝豆,ランダム
干物,ランダム
冷奴,ランダム
ナット,ランダム
お浸し,ランダム
御節,ランダム
あん肝,ランダム
からすみ,ランダム
このわた,ランダム
モズク,ランダム
ウニ,ランダム
甘ナット,和菓子
団子,和菓子
花弁餅,和菓子
ひがし,和菓子
干し柿,和菓子
今川焼,和菓子
かきごり,和菓子
こんぺいと,和菓子
饅頭,和菓子
松野由紀,和菓子
餅,和菓子
お汁粉,和菓子
ういろ,和菓子
タイ焼き,和菓子
生菓子,和菓子
甘酒,飲み物
玄米茶,飲み物
玉露,飲み物
保持茶,飲み物
昆布茶,飲み物
茎茶,飲み物
葛湯,飲み物
真茶,飲み物
麦茶,飲み物
さくらゆ,飲み物
煎茶,飲み物
梅茶,飲み物
カルピス,飲み物
C.C.レモン,飲み物
みつやサイダー,飲み物
ポカリスエット,飲み物
オロナミンシードリンク,飲み物
ラムネ,飲み物
ヤクルト,飲み物
カキフライ,洋食
エビフライ,洋食
豚カツ,洋食
カレーパン,洋食
肉じゃが,洋食
ハンバーガー,洋食
ハンバーガーステーキ,洋食
スパゲッティ,洋食
ピッザ,洋食
キムチ,洋食
肉まん,洋食
餃子,洋食
プリン,洋食
カリフォルニアロール,洋食
スパム結び,洋食\r