運動,スポーツ
体育,スポーツ
野球,スポーツ
相撲,スポーツ
柔道,スポーツ
剣道,スポーツ
合気道,スポーツ
空手,スポーツ
水泳,スポーツ
体操,スポーツ
乗馬,スポーツ
射撃,スポーツ
釣り,スポーツ
登山,スポーツ
卓球,スポーツ
ピンポン,スポーツ
サッカー,スポーツ
テニス,スポーツ
ゴルフ,スポーツ
バスケットボール,スポーツ
バレーボール,スポーツ
フットボール,スポーツ
アメリカンフットボール,スポーツ
アメフト,スポーツ
ラグビー,スポーツ
バドミントン,スポーツ
ホッケー,スポーツ
アイスホッケー,スポーツ
ボーリング,スポーツ
ボクシング,スポーツ
レスリング,スポーツ
サイクリング,スポーツ
ランニング,スポーツ
ジョギング,スポーツ
マラソン,スポーツ
ダンシング,スポーツ
スケート,スポーツ
スキー,スポーツ
アーチェリー,スポーツ
クリケット,スポーツ
エアロビクス,スポーツ
将棋,スポーツ
碁,スポーツ
ネットボール,スポーツ
ソフトボール,スポーツ
サーフィン,スポーツ
弓道,スポーツ
水上スキー,スポーツ
ダイビング,スポーツ
3D印刷,インドア
演技,インドア
アマチュア無線,インドア
バトン回転,インドア
ボードゲーム,インドア
ブックの復元,インドア
キャバレー,インドア
書道,インドア
ろうそく作り,インドア
コーヒー焙煎,インドア
着色,インドア
コンピュータープログラミング,インドア
料理,インドア
コスプレ,インドア
クーポン,インドア
文芸,インドア
かぎ針編み,インドア
クロスステッチ,インドア
クロスワードパズル,インドア
暗号,インドア
ダンス,インドア
デジタルアート,インドア
自分でやる,インドア
ドラマ,インドア
お絵かき,インドア
エレクトロニクス,インドア
刺繍,インドア
ファンタジースポーツ,インドア
ファッション,インドア
魚釣り,インドア
フラワーアレンジメント,インドア
外国語学習,インドア
ゲーム（卓上ゲームとロールプレイングゲーム）,インドア
系譜,インドア
ガラスブロー,インドア
鍛圧,インドア
自家製,インドア
養液栽培,インドア
アイススケート,インドア
ジュエリー作り,インドア
ジグソーパズル,インドア
ジャグリング,インドア
スナップ,インドア
ナイフ作り,インドア
編み物,インドア
コンブチャ醸造,インドア
彫刻,インドア
特別な,インドア
レザークラフト,インドア
レゴビルディング,インドア
音楽を聴く,インドア
加工,インドア
マクラメ,インドア
マジック,インドア
金属加工,インドア
モデル構築,インドア
折り紙,インドア
ペインティング,インドア
ペット,インドア
フィラメント,インドア
プラスチック埋め込み,インドア
楽器を弾く,インドア
ポイ,インドア
陶器,インドア
パズル,インドア
キリング,インドア
キルティング,インドア
読書,インドア
スクラップブッキング,インドア
彫刻,インドア
縫い,インドア
歌う,インドア
スケッチ,インドア
ソープメイキング,インドア
コメディスタンドアップ,インドア
卓球,インドア
タッティング,インドア
税金,インドア
ビデオゲーム,インドア
映画,インドア
テレビ,インドア
ウェブサーフィン,インドア
ホイッティング,インドア
木彫り,インドア
木工,インドア
ワールドビルディング,インドア
書き込み,インドア
ヨーヨー,インドア
ヨガ,インドア
生け花,文化的
書道,文化的
太鼓,文化的
誤,文化的
可愛い,文化的
アイドル,文化的
漫画,文化的
アニメ,文化的
ファション,文化的
